ID,FirstName,LastName,Username,Email,Avatar,Gender,DOB,ADDRESS
6915,Aide,Conn,aide.conn,aide.conn@email.com,https://robohash.org/consequaturconsecteturtenetur.png?size=300x300&set=set1,Polygender,1974-08-01 00:00:00,9164 Brakus Mountains
9074,Allan,Runolfsdottir,allan.runolfsdottir,allan.runolfsdottir@email.com,https://robohash.org/dolorvoluptatefugiat.png?size=300x300&set=set1,Genderqueer,1959-07-12 00:00:00,8154 Michal Walk
3059,Candice,Wiegand,candice.wiegand,candice.wiegand@email.com,https://robohash.org/estametinventore.png?size=300x300&set=set1,Non-binary,1992-09-14 00:00:00,77026 Nader Haven
5797,Cecila,Casper,cecila.casper,cecila.casper@email.com,https://robohash.org/doloremquenemomollitia.png?size=300x300&set=set1,Genderqueer,1997-09-07 00:00:00,5453 Greenfelder Cliffs
4298,Celia,Doyle,celia.doyle,celia.doyle@email.com,https://robohash.org/reiciendisquislaudantium.png?size=300x300&set=set1,Genderfluid,1974-02-06 00:00:00,9326 Dooley Street
3274,Cindi,Schowalter,cindi.schowalter,cindi.schowalter@email.com,https://robohash.org/evenietsaepedoloribus.png?size=300x300&set=set1,Genderfluid,1978-07-10 00:00:00,30310 Mann Mountains
2533,Claribel,Parisian,claribel.parisian,claribel.parisian@email.com,https://robohash.org/voluptatemminimanihil.png?size=300x300&set=set1,Agender,2003-06-20 00:00:00,6158 Seth Mission
1562,Cory,Murray,cory.murray,cory.murray@email.com,https://robohash.org/quoetvoluptas.png?size=300x300&set=set1,Genderqueer,1995-08-23 00:00:00,2222 Greenfelder Mission
1821,Desmond,Considine,desmond.considine,desmond.considine@email.com,https://robohash.org/delectuscorruptiaut.png?size=300x300&set=set1,Agender,1977-12-13 00:00:00,45756 Romana Course
83,Drusilla,Moore,drusilla.moore,drusilla.moore@email.com,https://robohash.org/magnamquoest.png?size=300x300&set=set1,Agender,1977-10-20 00:00:00,81184 Yost Points
9473,Earlean,Towne,earlean.towne,earlean.towne@email.com,https://robohash.org/doloremquisut.png?size=300x300&set=set1,Agender,1980-10-27 00:00:00,64066 Dickens Circle
6250,Florencio,Hintz,florencio.hintz,florencio.hintz@email.com,https://robohash.org/sedasperioresdignissimos.png?size=300x300&set=set1,Agender,1973-05-05 00:00:00,32423 Letisha Shores
4513,Goldie,Nolan,goldie.nolan,goldie.nolan@email.com,https://robohash.org/excepturisedbeatae.png?size=300x300&set=set1,Polygender,1993-02-22 00:00:00,3530 Kohler Springs
7810,Gonzalo,Treutel,gonzalo.treutel,gonzalo.treutel@email.com,https://robohash.org/eumeligendiaut.png?size=300x300&set=set1,Male,1965-10-18 00:00:00,790 Kurtis Manor
9264,Graham,Gusikowski,graham.gusikowski,graham.gusikowski@email.com,https://robohash.org/consequaturrecusandaeaut.png?size=300x300&set=set1,Bigender,1974-12-05 00:00:00,46751 Charlyn Road
4652,Ignacio,Rempel,ignacio.rempel,ignacio.rempel@email.com,https://robohash.org/aliquamnesciuntearum.png?size=300x300&set=set1,Male,1963-12-03 00:00:00,7700 Deadra Knolls
5560,Ilona,Lakin,ilona.lakin,ilona.lakin@email.com,https://robohash.org/quidoloresvoluptas.png?size=300x300&set=set1,Bigender,1969-08-27 00:00:00,4917 Kristopher Village
2477,Jaime,Thompson,jaime.thompson,jaime.thompson@email.com,https://robohash.org/eligendivoluptastempora.png?size=300x300&set=set1,Agender,2003-05-25 00:00:00,36537 Ratke Island
9524,Jamey,Orn,jamey.orn,jamey.orn@email.com,https://robohash.org/facerequiaquasi.png?size=300x300&set=set1,Female,1996-07-16 00:00:00,487 Hessel Ridges
2799,Joel,Moore,joel.moore,joel.moore@email.com,https://robohash.org/remquasaut.png?size=300x300&set=set1,Male,1996-11-18 00:00:00,10043 Herzog Orchard
5646,Kristofer,Walker,kristofer.walker,kristofer.walker@email.com,https://robohash.org/etmodiplaceat.png?size=300x300&set=set1,Genderqueer,1992-12-09 00:00:00,84283 Kyla Plaza
6384,Lanny,Wisoky,lanny.wisoky,lanny.wisoky@email.com,https://robohash.org/dolorumdoloremet.png?size=300x300&set=set1,Genderqueer,1988-05-09 00:00:00,776 Dino Garden
9237,Leonard,Borer,leonard.borer,leonard.borer@email.com,https://robohash.org/doloremodiout.png?size=300x300&set=set1,Polygender,1973-06-12 00:00:00,554 Emmerich Camp
7719,Leonia,Hayes,leonia.hayes,leonia.hayes@email.com,https://robohash.org/repudiandaesolutaoptio.png?size=300x300&set=set1,Polygender,1960-01-12 00:00:00,415 Wehner Haven
4383,Marcos,Dach,marcos.dach,marcos.dach@email.com,https://robohash.org/autnostrumfacilis.png?size=300x300&set=set1,Genderfluid,1962-06-09 00:00:00,46327 Hickle Haven
322,Mariano,Barrows,mariano.barrows,mariano.barrows@email.com,https://robohash.org/ducimusomnisnon.png?size=300x300&set=set1,Genderfluid,2004-08-05 00:00:00,8111 Stoltenberg Flats
4703,Mohamed,Goldner,mohamed.goldner,mohamed.goldner@email.com,https://robohash.org/auteligendivelit.png?size=300x300&set=set1,Genderqueer,1975-05-09 00:00:00,9859 Koepp Estates
7016,Oliver,Effertz,oliver.effertz,oliver.effertz@email.com,https://robohash.org/reprehenderitnoncupiditate.png?size=300x300&set=set1,Genderfluid,1972-06-19 00:00:00,2496 Nikolaus Ville
4565,Otis,Heaney,otis.heaney,otis.heaney@email.com,https://robohash.org/corporispraesentiumquae.png?size=300x300&set=set1,Genderfluid,1971-05-24 00:00:00,9343 Angel Mountain
819,Rayford,VonRueden,rayford.vonrueden,rayford.vonrueden@email.com,https://robohash.org/doloremquetemporaminima.png?size=300x300&set=set1,Polygender,1999-09-08 00:00:00,38745 Elisabeth Bypass
7719,Reva,Walsh,reva.walsh,reva.walsh@email.com,https://robohash.org/eligendisunteum.png?size=300x300&set=set1,Polygender,1979-02-09 00:00:00,128 Mason Island
5362,Rosalba,Block,rosalba.block,rosalba.block@email.com,https://robohash.org/ethicet.png?size=300x300&set=set1,Bigender,1994-06-21 00:00:00,40891 Corwin Mission
569,Shawn,Kessler,shawn.kessler,shawn.kessler@email.com,https://robohash.org/recusandaeeanon.png?size=300x300&set=set1,Agender,1991-02-27 00:00:00,803 Morissette Forest
5290,Synthia,Stark,synthia.stark,synthia.stark@email.com,https://robohash.org/etnonautem.png?size=300x300&set=set1,Agender,1976-12-01 00:00:00,9977 Lebsack Trail
9361,Thurman,Marvin,thurman.marvin,thurman.marvin@email.com,https://robohash.org/quodvitaevoluptas.png?size=300x300&set=set1,Agender,1994-11-28 00:00:00,24292 Kelly Bridge
222,Zachary,Senger,zachary.senger,zachary.senger@email.com,https://robohash.org/delectusiustoomnis.png?size=300x300&set=set1,Non-binary,2004-03-02 00:00:00,668 Ressie Circle
